Label,# Samples,Average,Min,Max,Std. Dev.,Error %,Throughput,Received KB/sec,Sent KB/sec,Avg. Bytes
Lista Usuários,1000,3,2,68,4.00,0.200%,40.03363,23.30,5.04,595.9
Mostra Usuário 2,1000,2,1,12,0.69,0.300%,40.03683,8.51,5.08,217.6
Lista Produtos,1000,16,5,77,4.28,1.100%,40.01120,25998.68,5.04,665379.9
Mostra Produto 5,1000,2,1,10,0.62,0.400%,40.03042,23.06,5.08,590.0
Lista Categorias,1000,2,1,39,1.41,0.200%,40.03042,19.71,5.12,504.2
TOTAL,5000,5,1,77,6.14,0.440%,199.95201,26059.67,25.35,133457.5
