Label,# Samples,Average,Min,Max,Std. Dev.,Error %,Throughput,Received KB/sec,Sent KB/sec,Avg. Bytes
Lista Usuários,1000,4,2,152,7.97,0.800%,33.36225,20.10,4.20,616.9
Mostra Usuário 2,1000,2,1,59,2.10,0.200%,33.36336,6.97,4.24,213.8
Lista Produtos,1000,16,1,100,5.07,1.500%,33.34890,21582.51,4.20,662705.4
Mostra Produto 5,1000,2,1,16,1.28,0.200%,33.36447,19.00,4.24,583.0
Lista Categorias,1000,2,1,65,2.22,0.300%,33.36336,16.54,4.27,507.8
TOTAL,5000,5,1,152,7.13,0.600%,166.67778,21636.43,21.13,132925.4
